restaurant_id,avg_delivery_time_mins
REST03,51.375
REST01,51.888888888888886
REST08,69.83333333333333
REST09,56.63636363636363
REST05,47.666666666666664
REST04,48.5
REST07,54.90909090909091
REST10,44.0
REST02,50.625
REST06,47.0
