customer_id,total_order_value
CUST013,1854.96
CUST012,571.87
CUST006,3685.6800000000003
CUST001,1894.51
CUST005,2732.96
CUST015,3411.5899999999997
CUST009,3230.2200000000003
CUST008,5109.08
CUST014,3487.98
CUST016,2618.7099999999996
CUST011,2806.0099999999998
CUST007,3893.42
CUST002,2758.3
CUST004,636.6600000000001
CUST003,1766.55
CUST019,3765.42
CUST018,6076.709999999999
CUST020,4031.9
CUST010,1572.2
CUST017,857.5
